<?xml version="1.0" encoding="UTF-8" standalone="yes"?>
<addon id="plugin.video.phimchieurap" name="PhimChieuRap" version="1.0.0" provider-name="vl">
  <requires>
    <import addon="xbmc.python" version="2.24.0"/>
    <import addon="script.module.requests" version="2.9.1"/>
  </requires>
  <extension point="xbmc.python.pluginsource" library="phimchieurap.py">
    <provides>video</provides>
  </extension>
  <extension point="xbmc.addon.metadata">
    <summary lang="en_gb">Watch movies from  xemphimso.com</summary>
    <description lang="en_gb">Watch movies from  xemphimso.com</description>
    <disclaimer lang="en_gb"></disclaimer>
    <language></language>
    <platform>all</platform>
    <license></license>
    <forum></forum>
    <website></website>
    <email></email>
    <source></source>
    <news></news>
    <assets>
        <icon></icon>
        <fanart></fanart>
        <screenshot></screenshot>
    </assets>
  </extension>
</addon>
